tag,start,end,cumdiff
SCPTN077FLW001.TOTAL_FLOW,2021-11-16T06:00:00.000Z,2021-11-16T12:00:00.000Z,0.0
SCPTN077SPR001.CUMULATIVE_TOTAL_FLOW,2021-11-16T06:00:00.000Z,2021-11-16T12:00:00.000Z,3.0
SCCHT073FLW001.TOTAL_FLOW,2021-11-16T06:00:00.000Z,2021-11-16T12:00:00.000Z,3.0
SCPTN077FLW002.TOTAL_FLOW,2021-11-16T06:00:00.000Z,2021-11-16T12:00:00.000Z,1.0047534070000002E8
SCCHT073SPR001.TOTAL_FLOW,2021-11-16T06:00:00.000Z,2021-11-16T12:00:00.000Z,0.0
SCCHT073FLW002.TOTAL_FLOW,2021-11-16T06:00:00.000Z,2021-11-16T12:00:00.000Z,4.04337535E8
SCPTN077SPR001.TOTAL_FLOW,2021-11-16T06:00:00.000Z,2021-11-16T12:00:00.000Z,9.11176E7
SCTRN020SPR001.CUMULATIVE_TOTAL_FLOW,2021-11-18T06:00:00.000Z,2021-11-18T12:00:00.000Z,0.0
SCTRN020FLW002.TOTAL_FLOW,2021-11-18T06:00:00.000Z,2021-11-18T12:00:00.000Z,0.0
SCMLN011SPR001.TOTAL_FLOW,2021-11-18T06:00:00.000Z,2021-11-18T12:00:00.000Z,66948.7
SCTRN020FLW002.CUMULATIVE_TOTAL_FLOW,2021-11-18T06:00:00.000Z,2021-11-18T12:00:00.000Z,0.0
SCTRN020SPR001.TOTAL_FLOW,2021-11-18T06:00:00.000Z,2021-11-18T12:00:00.000Z,1791015.7999999989
SCMLN011FLW001.CUMULATIVE_TOTAL_FLOW,2021-11-18T06:00:00.000Z,2021-11-18T12:00:00.000Z,0.0
SCTRN020FLW001.TOTAL_FLOW,2021-11-18T06:00:00.000Z,2021-11-18T12:00:00.000Z,7.97337804E9
SCMLN011FLW002.TOTAL_FLOW,2021-11-18T06:00:00.000Z,2021-11-18T12:00:00.000Z,0.0
SCMLN011FLW001.TOTAL_FLOW,2021-11-18T06:00:00.000Z,2021-11-18T12:00:00.000Z,0.0
SCSYN012FLW002.TOTAL_FLOW,2021-11-27T06:00:00.000Z,2021-11-27T12:00:00.000Z,2.9135755E7
SCSYN012SPR001.TOTAL_FLOW,2021-11-27T06:00:00.000Z,2021-11-27T12:00:00.000Z,1.509387E7
SCAMB021FLW002.TOTAL_FLOW,2021-11-27T06:00:00.000Z,2021-11-27T12:00:00.000Z,1.5234755819999996E8
SCMAN006FLW001.TOTAL_FLOW,2021-11-27T06:00:00.000Z,2021-11-27T12:00:00.000Z,3.85176837088E7
SCAMB021SPR001.TOTAL_FLOW,2021-11-27T06:00:00.000Z,2021-11-27T12:00:00.000Z,3.8292031E7
SCMAN006FLW002.TOTAL_FLOW,2021-11-27T06:00:00.000Z,2021-11-27T12:00:00.000Z,1.795787808E9
SCDGP013SPR001.TOTAL_FLOW,2021-11-27T12:00:00.000Z,2021-11-27T18:00:00.000Z,3.8251055E7
SCGDN019FLW002.TOTAL_FLOW,2021-11-27T12:00:00.000Z,2021-11-27T18:00:00.000Z,6.010571401E9
SCDGP013FLW002.TOTAL_FLOW,2021-11-27T12:00:00.000Z,2021-11-27T18:00:00.000Z,3543553.0
SCGDN019SPR001.TOTAL_FLOW,2021-11-27T12:00:00.000Z,2021-11-27T18:00:00.000Z,3543552.0
SCMNS017SPR001.CUMULATIVE_TOTAL_FLOW,2021-11-28T06:00:00.000Z,2021-11-28T12:00:00.000Z,1.581369248E9
SCMNS017FLW002.TOTAL_FLOW,2021-11-28T06:00:00.000Z,2021-11-28T12:00:00.000Z,4057926.0
SCMNS017FLW002.CUMULATIVE_TOTAL_FLOW,2021-11-28T06:00:00.000Z,2021-11-28T12:00:00.000Z,7.8529737E8
SCMNS017SPR001.TOTAL_FLOW,2021-11-28T06:00:00.000Z,2021-11-28T12:00:00.000Z,2.146315547189E12
SCBNP078FLW002.TOTAL_FLOW,2021-11-28T12:00:00.000Z,2021-11-28T18:00:00.000Z,5.622006419999997E7
SCTRS075SPR001.TOTAL_FLOW,2021-11-28T12:00:00.000Z,2021-11-28T18:00:00.000Z,1.0
SCBNP078SPR001.TOTAL_FLOW,2021-11-28T12:00:00.000Z,2021-11-28T18:00:00.000Z,0.0
SCTRS075FLW002.TOTAL_FLOW,2021-11-28T12:00:00.000Z,2021-11-28T18:00:00.000Z,2.21959127E8
SCJAW005FLW002.TOTAL_FLOW,2021-11-28T18:00:00.000Z,2021-11-29T00:00:00.000Z,7474736.0
SCTLN072FLW002.TOTAL_FLOW,2021-11-29T00:00:00.000Z,2021-11-29T06:00:00.000Z,131532.0
SCTLN072SPR001.TOTAL_FLOW,2021-11-29T00:00:00.000Z,2021-11-29T06:00:00.000Z,1.0
SCRAM008FLW001.TOTAL_FLOW,2021-11-29T06:00:00.000Z,2021-11-29T12:00:00.000Z,699742.0
SCRAM008FLW001.CUMULATIVE_TOTAL_FLOW,2021-11-29T06:00:00.000Z,2021-11-29T12:00:00.000Z,1.044773058E10
SCRAM008FLW002.TOTAL_FLOW,2021-11-29T06:00:00.000Z,2021-11-29T12:00:00.000Z,2.39096228E8
SCJIA070FLW001.TOTAL_FLOW,2021-11-29T12:00:00.000Z,2021-11-29T18:00:00.000Z,700696.0
SCHMN015FLW002.TOTAL_FLOW,2021-11-29T12:00:00.000Z,2021-11-29T18:00:00.000Z,2743485.0
SCMHF014FLW002.TOTAL_FLOW,2021-11-29T12:00:00.000Z,2021-11-29T18:00:00.000Z,2743485.0
SCSNC041FLW002.CUMULATIVE_TOTAL_FLOW,2021-11-29T12:00:00.000Z,2021-11-29T18:00:00.000Z,2.04574908E8
SCMTP010FLW001.TOTAL_FLOW,2021-11-29T12:00:00.000Z,2021-11-29T18:00:00.000Z,1.3008839651E10
SCJIA070FLW002.CUMULATIVE_TOTAL_FLOW,2021-11-29T12:00:00.000Z,2021-11-29T18:00:00.000Z,968051.0
SCSNC041FLW002.TOTAL_FLOW,2021-11-29T12:00:00.000Z,2021-11-29T18:00:00.000Z,0.0
SCJIA070FLW002.TOTAL_FLOW,2021-11-29T12:00:00.000Z,2021-11-29T18:00:00.000Z,5316906.0
SCSNC041SPR001.CUMULATIVE_TOTAL_FLOW,2021-11-29T12:00:00.000Z,2021-11-29T18:00:00.000Z,9.0
SCKHN076FLW002.TOTAL_FLOW,2021-11-29T12:00:00.000Z,2021-11-29T18:00:00.000Z,9.0
SCMTP010SPR001.TOTAL_FLOW,2021-11-29T12:00:00.000Z,2021-11-29T18:00:00.000Z,1.0
SCHMN015FLW001.CUMULATIVE_TOTAL_FLOW,2021-11-29T12:00:00.000Z,2021-11-29T18:00:00.000Z,4.5179858E7
SCGPB018SPR001.TOTAL_FLOW,2021-11-29T12:00:00.000Z,2021-11-29T18:00:00.000Z,1.82247319E8
SCSNC041SPR001.TOTAL_FLOW,2021-11-29T12:00:00.000Z,2021-11-29T18:00:00.000Z,0.0
SCSNC041FLW001.TOTAL_FLOW,2021-11-29T12:00:00.000Z,2021-11-29T18:00:00.000Z,45871.0
SCJIA070SPR001.TOTAL_FLOW,2021-11-29T12:00:00.000Z,2021-11-29T18:00:00.000Z,8.5991926E7
SCHLG074FLW002.TOTAL_FLOW,2021-11-29T12:00:00.000Z,2021-11-29T18:00:00.000Z,1.0
SCBAL004FLW003.TOTAL_FLOW,2021-11-29T12:00:00.000Z,2021-11-29T18:00:00.000Z,817392.0
SCMHF014SPR001.TOTAL_FLOW,2021-11-29T12:00:00.000Z,2021-11-29T18:00:00.000Z,1.0128132449999999E8
SCADN071FLW002.TOTAL_FLOW,2021-11-29T12:00:00.000Z,2021-11-29T18:00:00.000Z,1054923.4000000001
SCBKN016SPR001.TOTAL_FLOW,2021-11-29T12:00:00.000Z,2021-11-29T18:00:00.000Z,1.0
SCHMN015SPR001.TOTAL_FLOW,2021-11-29T12:00:00.000Z,2021-11-29T18:00:00.000Z,3.564975638E9
SCHLG074SPR001.TOTAL_FLOW,2021-11-29T12:00:00.000Z,2021-11-29T18:00:00.000Z,3.32121251E8
SCGPB018FLW002.TOTAL_FLOW,2021-11-29T12:00:00.000Z,2021-11-29T18:00:00.000Z,3195149.0
SCBAL004FLW002.TOTAL_FLOW,2021-11-29T12:00:00.000Z,2021-11-29T18:00:00.000Z,2303532.0
SCPRN045SPR001.TOTAL_FLOW,2021-11-29T12:00:00.000Z,2021-11-29T18:00:00.000Z,891617.0
SCGPB018FLW002.CUMULATIVE_TOTAL_FLOW,2021-11-29T12:00:00.000Z,2021-11-29T18:00:00.000Z,2.2366043E7
SCHLG074FLW001.TOTAL_FLOW,2021-11-29T12:00:00.000Z,2021-11-29T18:00:00.000Z,9.993545744E9
SCHMN015FLW001.TOTAL_FLOW,2021-11-29T12:00:00.000Z,2021-11-29T18:00:00.000Z,6.0338275E7
SCBKN016FLW002.TOTAL_FLOW,2021-11-29T12:00:00.000Z,2021-11-29T18:00:00.000Z,2454409.0
SCKHN076SPR001.TOTAL_FLOW,2021-11-29T12:00:00.000Z,2021-11-29T18:00:00.000Z,1459728.0
SCADN071SPR001.TOTAL_FLOW,2021-11-29T12:00:00.000Z,2021-11-29T18:00:00.000Z,0.0
SCMTP010FLW002.TOTAL_FLOW,2021-11-29T12:00:00.000Z,2021-11-29T18:00:00.000Z,131724.0
SCMTP010SPR001.CUMULATIVE_TOTAL_FLOW,2021-11-29T12:00:00.000Z,2021-11-29T18:00:00.000Z,131716.0
SCSTN032FLW001.TOTAL_FLOW,2021-11-29T18:00:00.000Z,2021-11-30T00:00:00.000Z,2.3741727E7
SCSNN069SPR001.TOTAL_FLOW,2021-11-29T18:00:00.000Z,2021-11-30T00:00:00.000Z,9658306.0
SCAMB021FLW002.TOTAL_FLOW,2021-11-29T18:00:00.000Z,2021-11-30T00:00:00.000Z,3.59763077E8
SCGPB018FLW002.TOTAL_FLOW,2021-11-29T18:00:00.000Z,2021-11-30T00:00:00.000Z,6972689.0
SCADB035FLW001.CUMULATIVE_TOTAL_FLOW,2021-11-29T18:00:00.000Z,2021-11-30T00:00:00.000Z,9.4569065E7
SCJWN055FLW002.TOTAL_FLOW,2021-11-29T18:00:00.000Z,2021-11-30T00:00:00.000Z,9.49277941E7
SCGPB018FLW002.CUMULATIVE_TOTAL_FLOW,2021-11-29T18:00:00.000Z,2021-11-30T00:00:00.000Z,2.2366043E7
SCBIS001FLW001.TOTAL_FLOW,2021-11-29T18:00:00.000Z,2021-11-30T00:00:00.000Z,9.45231893E8
SCSEC026FLW002.TOTAL_FLOW,2021-11-29T18:00:00.000Z,2021-11-30T00:00:00.000Z,7.4059064E8
SCADB035FLW001.TOTAL_FLOW,2021-11-29T18:00:00.000Z,2021-11-30T00:00:00.000Z,10963.300000000001
SCMHF014FLW002.TOTAL_FLOW,2021-11-29T18:00:00.000Z,2021-11-30T00:00:00.000Z,1.00647536E7
SCRAM008FLW001.CUMULATIVE_TOTAL_FLOW,2021-11-29T18:00:00.000Z,2021-11-30T00:00:00.000Z,4.263186E7
SCSNN069FLW001.CUMULATIVE_TOTAL_FLOW,2021-11-29T18:00:00.000Z,2021-11-30T00:00:00.000Z,3.72687015E7
SCSYN012FLW001.CUMULATIVE_TOTAL_FLOW,2021-11-29T18:00:00.000Z,2021-11-30T00:00:00.000Z,1.48924216E8
SCBKN016SPR001.TOTAL_FLOW,2021-11-29T18:00:00.000Z,2021-11-30T00:00:00.000Z,1.4434525E8
SCTRS075FLW001.TOTAL_FLOW,2021-11-29T18:00:00.000Z,2021-11-30T00:00:00.000Z,1.4439236E7
SCJYN030FLW001.TOTAL_FLOW,2021-11-29T18:00:00.000Z,2021-11-30T00:00:00.000Z,1.992434826E9
SCSUR002FLW002.TOTAL_FLOW,2021-11-29T18:00:00.000Z,2021-11-30T00:00:00.000Z,1.17162736E8
SCADN071FLW001.TOTAL_FLOW,2021-11-29T18:00:00.000Z,2021-11-30T00:00:00.000Z,2.30519715E8
SCHMN015FLW001.TOTAL_FLOW,2021-11-29T18:00:00.000Z,2021-11-30T00:00:00.000Z,4407782.0
SCPRN043FLW001.TOTAL_FLOW,2021-11-29T18:00:00.000Z,2021-11-30T00:00:00.000Z,3820908.6
SCSYM060FLW001.TOTAL_FLOW,2021-11-29T18:00:00.000Z,2021-11-30T00:00:00.000Z,75639.3
SCMTP010SPR001.TOTAL_FLOW,2021-11-29T18:00:00.000Z,2021-11-30T00:00:00.000Z,1.53071485389E10
SCPRN046FLW001.TOTAL_FLOW,2021-11-29T18:00:00.000Z,2021-11-30T00:00:00.000Z,51281.5
SCCVN031FLW002.TOTAL_FLOW,2021-11-29T18:00:00.000Z,2021-11-30T00:00:00.000Z,51100.9
SCSTN032SPR001.TOTAL_FLOW,2021-11-29T18:00:00.000Z,2021-11-30T00:00:00.000Z,1.0
SCPRN047SPR001.TOTAL_FLOW,2021-11-29T18:00:00.000Z,2021-11-30T00:00:00.000Z,0.0
SCJWN055SPR001.TOTAL_FLOW,2021-11-29T18:00:00.000Z,2021-11-30T00:00:00.000Z,0.0
SCBKN016FLW001.TOTAL_FLOW,2021-11-29T18:00:00.000Z,2021-11-30T00:00:00.000Z,127149.0
SCDGP013FLW001.TOTAL_FLOW,2021-11-29T18:00:00.000Z,2021-11-30T00:00:00.000Z,1.017387E7
SCGTS048FLW001.CUMULATIVE_TOTAL_FLOW,2021-11-29T18:00:00.000Z,2021-11-30T00:00:00.000Z,6109683.6
SCPRN047FLW001.TOTAL_FLOW,2021-11-29T18:00:00.000Z,2021-11-30T00:00:00.000Z,4032494.4000000004
SCSNN069FLW001.TOTAL_FLOW,2021-11-29T18:00:00.000Z,2021-11-30T00:00:00.000Z,1.370694636E8
SCSNC041FLW001.TOTAL_FLOW,2021-11-29T18:00:00.000Z,2021-11-30T00:00:00.000Z,1.096398484E8
SCSRT051FLW001.CUMULATIVE_TOTAL_FLOW,2021-11-29T18:00:00.000Z,2021-11-30T00:00:00.000Z,7784901.0
SCSEC023SPR001.CUMULATIVE_TOTAL_FLOW,2021-11-29T18:00:00.000Z,2021-11-30T00:00:00.000Z,7784677.0
SCVDH039FLW001.TOTAL_FLOW,2021-11-29T18:00:00.000Z,2021-11-30T00:00:00.000Z,6123845.0
SCSSN053FLW001.TOTAL_FLOW,2021-11-29T18:00:00.000Z,2021-11-30T00:00:00.000Z,4.219180824E9
SCSNC041SPR001.CUMULATIVE_TOTAL_FLOW,2021-11-29T18:00:00.000Z,2021-11-30T00:00:00.000Z,4.230924949E9
SCPRN047FLW002.CUMULATIVE_TOTAL_FLOW,2021-11-29T18:00:00.000Z,2021-11-30T00:00:00.000Z,4524.0
SCJAW005FLW003.TOTAL_FLOW,2021-11-29T18:00:00.000Z,2021-11-30T00:00:00.000Z,3.9886204E8
SCPRN045FLW001.CUMULATIVE_TOTAL_FLOW,2021-11-29T18:00:00.000Z,2021-11-30T00:00:00.000Z,8.629280335E8
SCSEC023FLW001.CUMULATIVE_TOTAL_FLOW,2021-11-29T18:00:00.000Z,2021-11-30T00:00:00.000Z,4.702368698E8
SCAMB021FLW001.TOTAL_FLOW,2021-11-29T18:00:00.000Z,2021-11-30T00:00:00.000Z,8.10701426E8
SCBAL004FLW003.CUMULATIVE_TOTAL_FLOW,2021-11-29T18:00:00.000Z,2021-11-30T00:00:00.000Z,1.6432976E7
SCSEC023FLW002.TOTAL_FLOW,2021-11-29T18:00:00.000Z,2021-11-30T00:00:00.000Z,1.67104845288E7
SCJIA070SPR001.TOTAL_FLOW,2021-11-29T18:00:00.000Z,2021-11-30T00:00:00.000Z,24.0
SCGDN019FLW001.CUMULATIVE_TOTAL_FLOW,2021-11-29T18:00:00.000Z,2021-11-30T00:00:00.000Z,2.774849566E9
SCAMA009FLW002.TOTAL_FLOW,2021-11-29T18:00:00.000Z,2021-11-30T00:00:00.000Z,2.814362325E9
SCHMN015FLW001.CUMULATIVE_TOTAL_FLOW,2021-11-29T18:00:00.000Z,2021-11-30T00:00:00.000Z,1216809.0
SCADB035FLW002.TOTAL_FLOW,2021-11-29T18:00:00.000Z,2021-11-30T00:00:00.000Z,4.4243445E7
SCPRN047FLW002.TOTAL_FLOW,2021-11-29T18:00:00.000Z,2021-11-30T00:00:00.000Z,5.3710995E7
SCTLN072FLW001.TOTAL_FLOW,2021-11-29T18:00:00.000Z,2021-11-30T00:00:00.000Z,1611190.0
SCPRN045FLW002.TOTAL_FLOW,2021-11-29T18:00:00.000Z,2021-11-30T00:00:00.000Z,1185714.0
SCSEC023FLW001.TOTAL_FLOW,2021-11-29T18:00:00.000Z,2021-11-30T00:00:00.000Z,357584.5
SCSFS022FLW001.TOTAL_FLOW,2021-11-29T18:00:00.000Z,2021-11-30T00:00:00.000Z,15940.599999999999
SCSEC023SPR001.TOTAL_FLOW,2021-11-29T18:00:00.000Z,2021-11-30T00:00:00.000Z,48203.0
SCMHF014FLW001.TOTAL_FLOW,2021-11-29T18:00:00.000Z,2021-11-30T00:00:00.000Z,3.6377844E7
SCHMN015SPR001.TOTAL_FLOW,2021-11-29T18:00:00.000Z,2021-11-30T00:00:00.000Z,2454562.0
SCJIA070FLW002.TOTAL_FLOW,2021-11-29T18:00:00.000Z,2021-11-30T00:00:00.000Z,1.0
SCSRT051FLW002.TOTAL_FLOW,2021-11-29T18:00:00.000Z,2021-11-30T00:00:00.000Z,0.0
SCSBN054FLW001.TOTAL_FLOW,2021-11-29T18:00:00.000Z,2021-11-30T00:00:00.000Z,9487994.0
SCRAM008FLW001.TOTAL_FLOW,2021-11-29T18:00:00.000Z,2021-11-30T00:00:00.000Z,1.03996682E8
SCBNP078FLW001.TOTAL_FLOW,2021-11-29T18:00:00.000Z,2021-11-30T00:00:00.000Z,4.66786365E8
SCNRN052FLW001.TOTAL_FLOW,2021-11-29T18:00:00.000Z,2021-11-30T00:00:00.000Z,4.64852751E8
SCSBN054FLW001.CUMULATIVE_TOTAL_FLOW,2021-11-29T18:00:00.000Z,2021-11-30T00:00:00.000Z,1.72213577E8
SCJWN055FLW001.TOTAL_FLOW,2021-11-29T18:00:00.000Z,2021-11-30T00:00:00.000Z,9.57065717E7
SCPRN045SPR001.TOTAL_FLOW,2021-11-29T18:00:00.000Z,2021-11-30T00:00:00.000Z,9421758.0
SCJAW005FLW001.TOTAL_FLOW,2021-11-29T18:00:00.000Z,2021-11-30T00:00:00.000Z,2.8021296E8
SCBAL004FLW003.TOTAL_FLOW,2021-11-29T18:00:00.000Z,2021-11-30T00:00:00.000Z,2.799260153E8
SCMTP010SPR001.CUMULATIVE_TOTAL_FLOW,2021-11-29T18:00:00.000Z,2021-11-30T00:00:00.000Z,7170229.0
SCNRN052FLW001.CUMULATIVE_TOTAL_FLOW,2021-11-29T18:00:00.000Z,2021-11-30T00:00:00.000Z,1.9555378E7
SCMTP010FLW001.TOTAL_FLOW,2021-11-29T18:00:00.000Z,2021-11-30T00:00:00.000Z,1.6655876E7
SCCVN031FLW001.TOTAL_FLOW,2021-11-29T18:00:00.000Z,2021-11-30T00:00:00.000Z,3475236.0
SCHMN015FLW002.TOTAL_FLOW,2021-11-29T18:00:00.000Z,2021-11-30T00:00:00.000Z,2543414.5999999996
SCVKI040FLW001.TOTAL_FLOW,2021-11-29T18:00:00.000Z,2021-11-30T00:00:00.000Z,1226539.5000000002
SCGPB018FLW001.TOTAL_FLOW,2021-11-29T18:00:00.000Z,2021-11-30T00:00:00.000Z,6787982.0
SCAMA009FLW003.TOTAL_FLOW,2021-11-29T18:00:00.000Z,2021-11-30T00:00:00.000Z,1.7509532E7
SCSNN069FLW002.TOTAL_FLOW,2021-11-29T18:00:00.000Z,2021-11-30T00:00:00.000Z,1.7509532E7
SCAMB021FLW001.CUMULATIVE_TOTAL_FLOW,2021-11-29T18:00:00.000Z,2021-11-30T00:00:00.000Z,1.87499763E8
SCSNC041SPR001.TOTAL_FLOW,2021-11-29T18:00:00.000Z,2021-11-30T00:00:00.000Z,1.87499596E8
SCSUR002FLW001.TOTAL_FLOW,2021-11-29T18:00:00.000Z,2021-11-30T00:00:00.000Z,31617.24
SCCVN031FLW002.CUMULATIVE_TOTAL_FLOW,2021-11-29T18:00:00.000Z,2021-11-30T00:00:00.000Z,31617.238
SCGPB018SPR001.TOTAL_FLOW,2021-11-29T18:00:00.000Z,2021-11-30T00:00:00.000Z,2.139030923E9
SCGDN019FLW001.TOTAL_FLOW,2021-11-29T18:00:00.000Z,2021-11-30T00:00:00.000Z,8.2237448E7
SCGSN068SPR001.CUMULATIVE_TOTAL_FLOW,2021-11-29T18:00:00.000Z,2021-11-30T00:00:00.000Z,1.5370851115E10
SCSRT051FLW001.TOTAL_FLOW,2021-11-29T18:00:00.000Z,2021-11-30T00:00:00.000Z,940179.0
SCCEN007FLW001.TOTAL_FLOW,2021-11-29T18:00:00.000Z,2021-11-30T00:00:00.000Z,1.31306584E8
SCKHN076FLW001.TOTAL_FLOW,2021-11-29T18:00:00.000Z,2021-11-30T00:00:00.000Z,1.312925838584E8
SCJWN056FLW001.TOTAL_FLOW,2021-11-29T18:00:00.000Z,2021-11-30T00:00:00.000Z,1.51505262E7
SCSNC041FLW002.TOTAL_FLOW,2021-11-29T18:00:00.000Z,2021-11-30T00:00:00.000Z,1.335494E7
SCMTP010FLW002.TOTAL_FLOW,2021-11-29T18:00:00.000Z,2021-11-30T00:00:00.000Z,1787532.0
SCGSN068FLW001.TOTAL_FLOW,2021-11-29T18:00:00.000Z,2021-11-30T00:00:00.000Z,2111112.9
SCAMA009FLW004.TOTAL_FLOW,2021-11-29T18:00:00.000Z,2021-11-30T00:00:00.000Z,1.3626454E7
SCVDN063FLW002.TOTAL_FLOW,2021-11-29T18:00:00.000Z,2021-11-30T00:00:00.000Z,1.3127872E7
SCGSN068FLW002.TOTAL_FLOW,2021-11-29T18:00:00.000Z,2021-11-30T00:00:00.000Z,495662.0
SCGSN068SPR001.TOTAL_FLOW,2021-11-29T18:00:00.000Z,2021-11-30T00:00:00.000Z,1.0
SCBAL004FLW002.TOTAL_FLOW,2021-11-29T18:00:00.000Z,2021-11-30T00:00:00.000Z,1.8854908309999993E8
SCVDN063FLW001.TOTAL_FLOW,2021-11-29T18:00:00.000Z,2021-11-30T00:00:00.000Z,1.8862394299999997E8
SCADN071SPR001.TOTAL_FLOW,2021-11-29T18:00:00.000Z,2021-11-30T00:00:00.000Z,29395.2
SCSTN032FLW002.TOTAL_FLOW,2021-11-29T18:00:00.000Z,2021-11-30T00:00:00.000Z,896627.0
SCGTS048FLW001.TOTAL_FLOW,2021-11-29T18:00:00.000Z,2021-11-30T00:00:00.000Z,3.259670707E8
SCRAM008FLW002.TOTAL_FLOW,2021-11-29T18:00:00.000Z,2021-11-30T00:00:00.000Z,700696.0
SCPRN045FLW001.TOTAL_FLOW,2021-11-29T18:00:00.000Z,2021-11-30T00:00:00.000Z,3.35906016E7
SCADB035SPR001.TOTAL_FLOW,2021-11-29T18:00:00.000Z,2021-11-30T00:00:00.000Z,3.29655511E7
SCBIS001FLW002.TOTAL_FLOW,2021-11-29T18:00:00.000Z,2021-11-30T00:00:00.000Z,1.662985601E9
SCMNS017FLW001.TOTAL_FLOW,2021-11-29T18:00:00.000Z,2021-11-30T00:00:00.000Z,7.97644622E8
SCJIA070FLW002.CUMULATIVE_TOTAL_FLOW,2021-11-29T18:00:00.000Z,2021-11-30T00:00:00.000Z,7.97802324E8
SCSUR002FLW004.CUMULATIVE_TOTAL_FLOW,2021-11-29T18:00:00.000Z,2021-11-30T00:00:00.000Z,1.43424367449E11
SCSUR002FLW003.TOTAL_FLOW,2021-11-29T18:00:00.000Z,2021-11-30T00:00:00.000Z,1.43086228232E11
SCSNC041FLW002.CUMULATIVE_TOTAL_FLOW,2021-11-29T18:00:00.000Z,2021-11-30T00:00:00.000Z,128.0
SCBAL004FLW001.TOTAL_FLOW,2021-11-29T18:00:00.000Z,2021-11-30T00:00:00.000Z,8.6689E8
SCMHF014SPR001.TOTAL_FLOW,2021-11-29T18:00:00.000Z,2021-11-30T00:00:00.000Z,8.66822559E8
SCPRN047SPR001.CUMULATIVE_TOTAL_FLOW,2021-11-29T18:00:00.000Z,2021-11-30T00:00:00.000Z,1.717035059767E12
SCBKN016FLW002.TOTAL_FLOW,2021-11-29T18:00:00.000Z,2021-11-30T00:00:00.000Z,2.146298472769E12
SCAMA009FLW001.TOTAL_FLOW,2021-11-29T18:00:00.000Z,2021-11-30T00:00:00.000Z,2.152287854276E12
SCSYN012FLW001.TOTAL_FLOW,2021-11-29T18:00:00.000Z,2021-11-30T00:00:00.000Z,8591099.0
SCSEC026FLW001.TOTAL_FLOW,2021-11-29T18:00:00.000Z,2021-11-30T00:00:00.000Z,8576667.8
SCJIA070FLW001.TOTAL_FLOW,2021-11-29T18:00:00.000Z,2021-11-30T00:00:00.000Z,5.3528898066E9
SCSUR002FLW004.TOTAL_FLOW,2021-11-29T18:00:00.000Z,2021-11-30T00:00:00.000Z,9.65194363E8
SCADN071FLW002.TOTAL_FLOW,2021-11-29T18:00:00.000Z,2021-11-30T00:00:00.000Z,9.65165195E8
SCSEC026SPR001.TOTAL_FLOW,2021-11-29T18:00:00.000Z,2021-11-30T00:00:00.000Z,1.0
SCSRT051SPR001.TOTAL_FLOW,2021-11-29T18:00:00.000Z,2021-11-30T00:00:00.000Z,0.0
SCSEC023FLW002.CUMULATIVE_TOTAL_FLOW,2021-11-29T18:00:00.000Z,2021-11-30T00:00:00.000Z,100.0
SCKTC067FLW001.TOTAL_FLOW,2021-11-29T18:00:00.000Z,2021-11-30T00:00:00.000Z,7513124.2
SCCVN031SPR001.TOTAL_FLOW,2021-11-29T18:00:00.000Z,2021-11-30T00:00:00.000Z,60236.8
SCAMB021SPR001.TOTAL_FLOW,2021-11-29T18:00:00.000Z,2021-11-30T00:00:00.000Z,1.5102650196E10
SCPRN045FLW002.TOTAL_FLOW,2021-11-30T00:00:00.000Z,2021-11-30T06:00:00.000Z,801203.7999999998
SCMUR079FLW002.TOTAL_FLOW,2021-11-30T00:00:00.000Z,2021-11-30T06:00:00.000Z,898521.2000000002
SCJYN030FLW002.TOTAL_FLOW,2021-11-30T00:00:00.000Z,2021-11-30T06:00:00.000Z,1.1255061E7
SCPRN046FLW001.TOTAL_FLOW,2021-11-30T00:00:00.000Z,2021-11-30T06:00:00.000Z,51471.600000000006
SCADN071FLW001.TOTAL_FLOW,2021-11-30T00:00:00.000Z,2021-11-30T06:00:00.000Z,2.41447628E8
SCCEN007FLW001.TOTAL_FLOW,2021-11-30T00:00:00.000Z,2021-11-30T06:00:00.000Z,1.31314744E8
SCSNN069FLW001.CUMULATIVE_TOTAL_FLOW,2021-11-30T00:00:00.000Z,2021-11-30T06:00:00.000Z,1.259420391E8
SCJWN056FLW001.TOTAL_FLOW,2021-11-30T00:00:00.000Z,2021-11-30T06:00:00.000Z,1.3356715E7
SCSNC041SPR001.CUMULATIVE_TOTAL_FLOW,2021-11-30T00:00:00.000Z,2021-11-30T06:00:00.000Z,1.05991827E8
SCKHN076FLW001.TOTAL_FLOW,2021-11-30T00:00:00.000Z,2021-11-30T06:00:00.000Z,6.96150752692E8
SCADB035FLW001.TOTAL_FLOW,2021-11-30T00:00:00.000Z,2021-11-30T06:00:00.000Z,6.965601948E8
SCSBN054FLW001.CUMULATIVE_TOTAL_FLOW,2021-11-30T00:00:00.000Z,2021-11-30T06:00:00.000Z,3.06253844E8
SCVDN063SPR001.CUMULATIVE_TOTAL_FLOW,2021-11-30T00:00:00.000Z,2021-11-30T06:00:00.000Z,2.726851837E9
SCPRN047FLW001.TOTAL_FLOW,2021-11-30T00:00:00.000Z,2021-11-30T06:00:00.000Z,1.986963072E8
SCSRT051SPR001.TOTAL_FLOW,2021-11-30T00:00:00.000Z,2021-11-30T06:00:00.000Z,29036.100000000002
SCMTP010FLW001.TOTAL_FLOW,2021-11-30T00:00:00.000Z,2021-11-30T06:00:00.000Z,1.300388612E10
SCSEC026FLW002.TOTAL_FLOW,2021-11-30T00:00:00.000Z,2021-11-30T06:00:00.000Z,969696.0
SCADB035FLW002.TOTAL_FLOW,2021-11-30T00:00:00.000Z,2021-11-30T06:00:00.000Z,6322885.0
SCHMN015FLW001.CUMULATIVE_TOTAL_FLOW,2021-11-30T00:00:00.000Z,2021-11-30T06:00:00.000Z,2.92027278E8
SCMLN061FLW001.TOTAL_FLOW,2021-11-30T00:00:00.000Z,2021-11-30T06:00:00.000Z,4.1410343E7
SCJWN055FLW002.TOTAL_FLOW,2021-11-30T00:00:00.000Z,2021-11-30T06:00:00.000Z,3769193.0
SCTLN072FLW001.TOTAL_FLOW,2021-11-30T00:00:00.000Z,2021-11-30T06:00:00.000Z,1.1111131377E10
SCPRN045SPR001.TOTAL_FLOW,2021-11-30T00:00:00.000Z,2021-11-30T06:00:00.000Z,1.1113209341E10
SCMLN061SPR001.TOTAL_FLOW,2021-11-30T00:00:00.000Z,2021-11-30T06:00:00.000Z,1.0
SCHMN015FLW002.TOTAL_FLOW,2021-11-30T00:00:00.000Z,2021-11-30T06:00:00.000Z,2743485.0
SCBNP078FLW001.TOTAL_FLOW,2021-11-30T00:00:00.000Z,2021-11-30T06:00:00.000Z,5933293.0
SCVDH039FLW001.TOTAL_FLOW,2021-11-30T00:00:00.000Z,2021-11-30T06:00:00.000Z,6124002.0
SCGPB018SPR001.TOTAL_FLOW,2021-11-30T00:00:00.000Z,2021-11-30T06:00:00.000Z,6123850.0
SCSNN069FLW002.TOTAL_FLOW,2021-11-30T00:00:00.000Z,2021-11-30T06:00:00.000Z,1.0
SCPRN047FLW002.TOTAL_FLOW,2021-11-30T00:00:00.000Z,2021-11-30T06:00:00.000Z,3.56127852E8
SCGDN019FLW001.TOTAL_FLOW,2021-11-30T00:00:00.000Z,2021-11-30T06:00:00.000Z,8.2238112E7
SCAMA009FLW002.TOTAL_FLOW,2021-11-30T00:00:00.000Z,2021-11-30T06:00:00.000Z,3.5822232E7
SCSYN012FLW001.CUMULATIVE_TOTAL_FLOW,2021-11-30T00:00:00.000Z,2021-11-30T06:00:00.000Z,1.44346353E8
SCAMA009FLW004.TOTAL_FLOW,2021-11-30T00:00:00.000Z,2021-11-30T06:00:00.000Z,1.30708785E8
SCBKN016FLW002.TOTAL_FLOW,2021-11-30T00:00:00.000Z,2021-11-30T06:00:00.000Z,1.2171454E7
SCBIS001FLW001.TOTAL_FLOW,2021-11-30T00:00:00.000Z,2021-11-30T06:00:00.000Z,7.4083328E8
SCJAW005FLW002.TOTAL_FLOW,2021-11-30T00:00:00.000Z,2021-11-30T06:00:00.000Z,8.828643161999999E8
SCHLG074FLW001.TOTAL_FLOW,2021-11-30T00:00:00.000Z,2021-11-30T06:00:00.000Z,1.4283899870000008E8
SCGPB018FLW001.TOTAL_FLOW,2021-11-30T00:00:00.000Z,2021-11-30T06:00:00.000Z,6787982.0
SCADN071FLW002.TOTAL_FLOW,2021-11-30T00:00:00.000Z,2021-11-30T06:00:00.000Z,6787982.0
SCTRS075FLW001.TOTAL_FLOW,2021-11-30T00:00:00.000Z,2021-11-30T06:00:00.000Z,1.4441421E7
SCGPB018FLW002.CUMULATIVE_TOTAL_FLOW,2021-11-30T00:00:00.000Z,2021-11-30T06:00:00.000Z,2.2366043E7
SCADB035SPR001.TOTAL_FLOW,2021-11-30T00:00:00.000Z,2021-11-30T06:00:00.000Z,2.2366042E7
SCPRN047SPR001.TOTAL_FLOW,2021-11-30T00:00:00.000Z,2021-11-30T06:00:00.000Z,0.0
SCVDH039SPR001.CUMULATIVE_TOTAL_FLOW,2021-11-30T00:00:00.000Z,2021-11-30T06:00:00.000Z,5.0
SCBKN016SPR001.TOTAL_FLOW,2021-11-30T00:00:00.000Z,2021-11-30T06:00:00.000Z,4.0
SCSRT051FLW001.CUMULATIVE_TOTAL_FLOW,2021-11-30T00:00:00.000Z,2021-11-30T06:00:00.000Z,8725520.0
SCADN071SPR001.TOTAL_FLOW,2021-11-30T00:00:00.000Z,2021-11-30T06:00:00.000Z,7784962.0
SCKHN076SPR001.TOTAL_FLOW,2021-11-30T00:00:00.000Z,2021-11-30T06:00:00.000Z,0.0
SCSEC026SPR001.TOTAL_FLOW,2021-11-30T00:00:00.000Z,2021-11-30T06:00:00.000Z,4.67434667E8
SCHLG074FLW002.TOTAL_FLOW,2021-11-30T00:00:00.000Z,2021-11-30T06:00:00.000Z,9.61440901E8
SCDGP013FLW001.TOTAL_FLOW,2021-11-30T00:00:00.000Z,2021-11-30T06:00:00.000Z,1.0174664E7
SCMLN061SPR001.CUMULATIVE_TOTAL_FLOW,2021-11-30T00:00:00.000Z,2021-11-30T06:00:00.000Z,1.0174068E7
SCPRN045FLW001.CUMULATIVE_TOTAL_FLOW,2021-11-30T00:00:00.000Z,2021-11-30T06:00:00.000Z,2870885.8000000003
SCNRN052FLW001.TOTAL_FLOW,2021-11-30T00:00:00.000Z,2021-11-30T06:00:00.000Z,861748.0
SCSNC041SPR001.TOTAL_FLOW,2021-11-30T00:00:00.000Z,2021-11-30T06:00:00.000Z,2007500.0
SCGTS048FLW001.TOTAL_FLOW,2021-11-30T00:00:00.000Z,2021-11-30T06:00:00.000Z,307.70000000000005
SCSUR002FLW004.CUMULATIVE_TOTAL_FLOW,2021-11-30T00:00:00.000Z,2021-11-30T06:00:00.000Z,1.4308640796E11
SCSFS022FLW001.TOTAL_FLOW,2021-11-30T00:00:00.000Z,2021-11-30T06:00:00.000Z,1.430862644752E11
SCGPB018FLW002.TOTAL_FLOW,2021-11-30T00:00:00.000Z,2021-11-30T06:00:00.000Z,3195149.0
SCMTP010SPR001.TOTAL_FLOW,2021-11-30T00:00:00.000Z,2021-11-30T06:00:00.000Z,3195148.0
SCMUR079SPR001.TOTAL_FLOW,2021-11-30T00:00:00.000Z,2021-11-30T06:00:00.000Z,0.0
SCSTN032FLW001.TOTAL_FLOW,2021-11-30T00:00:00.000Z,2021-11-30T06:00:00.000Z,9662401.0
SCCVN031FLW002.TOTAL_FLOW,2021-11-30T00:00:00.000Z,2021-11-30T06:00:00.000Z,9660637.0
SCBKN016FLW001.TOTAL_FLOW,2021-11-30T00:00:00.000Z,2021-11-30T06:00:00.000Z,128836.0
SCSUR002FLW003.TOTAL_FLOW,2021-11-30T00:00:00.000Z,2021-11-30T06:00:00.000Z,128247.0
SCGDN019FLW001.CUMULATIVE_TOTAL_FLOW,2021-11-30T00:00:00.000Z,2021-11-30T06:00:00.000Z,2.870180244E9
SCVDN063SPR001.TOTAL_FLOW,2021-11-30T00:00:00.000Z,2021-11-30T06:00:00.000Z,2.774849681E9
SCPRN047SPR001.CUMULATIVE_TOTAL_FLOW,2021-11-30T00:00:00.000Z,2021-11-30T06:00:00.000Z,7.0
SCVDH039FLW002.CUMULATIVE_TOTAL_FLOW,2021-11-30T00:00:00.000Z,2021-11-30T06:00:00.000Z,1.1979936E7
SCHMN015FLW001.TOTAL_FLOW,2021-11-30T00:00:00.000Z,2021-11-30T06:00:00.000Z,8064183.0
SCVDH039SPR001.TOTAL_FLOW,2021-11-30T00:00:00.000Z,2021-11-30T06:00:00.000Z,1.0440190879999997E8
SCHLG074SPR001.TOTAL_FLOW,2021-11-30T00:00:00.000Z,2021-11-30T06:00:00.000Z,0.0
SCVKI040FLW001.TOTAL_FLOW,2021-11-30T00:00:00.000Z,2021-11-30T06:00:00.000Z,3739670.4000000004
SCMTP010SPR001.CUMULATIVE_TOTAL_FLOW,2021-11-30T00:00:00.000Z,2021-11-30T06:00:00.000Z,3750583.6
SCNRN052FLW001.CUMULATIVE_TOTAL_FLOW,2021-11-30T00:00:00.000Z,2021-11-30T06:00:00.000Z,1.43263187E7
SCJAW005FLW001.TOTAL_FLOW,2021-11-30T00:00:00.000Z,2021-11-30T06:00:00.000Z,2.8091724E8
SCJYN030FLW001.TOTAL_FLOW,2021-11-30T00:00:00.000Z,2021-11-30T06:00:00.000Z,2.5744757E8
SCADB035FLW001.CUMULATIVE_TOTAL_FLOW,2021-11-30T00:00:00.000Z,2021-11-30T06:00:00.000Z,2.12838613E7
SCJWN055FLW001.TOTAL_FLOW,2021-11-30T00:00:00.000Z,2021-11-30T06:00:00.000Z,9423506.0
SCPRN047FLW002.CUMULATIVE_TOTAL_FLOW,2021-11-30T00:00:00.000Z,2021-11-30T06:00:00.000Z,9418269.0
SCCVN031FLW001.TOTAL_FLOW,2021-11-30T00:00:00.000Z,2021-11-30T06:00:00.000Z,3476255.0
SCHMN015SPR001.TOTAL_FLOW,2021-11-30T00:00:00.000Z,2021-11-30T06:00:00.000Z,3475406.0
SCBIS001FLW002.TOTAL_FLOW,2021-11-30T00:00:00.000Z,2021-11-30T06:00:00.000Z,1.662985601E9
SCSUR002FLW004.TOTAL_FLOW,2021-11-30T00:00:00.000Z,2021-11-30T06:00:00.000Z,6.646022E8
SCSNN069FLW001.TOTAL_FLOW,2021-11-30T00:00:00.000Z,2021-11-30T06:00:00.000Z,6.644454795E8
SCVDN063FLW002.TOTAL_FLOW,2021-11-30T00:00:00.000Z,2021-11-30T06:00:00.000Z,501949.0
SCMLN061FLW002.TOTAL_FLOW,2021-11-30T00:00:00.000Z,2021-11-30T06:00:00.000Z,824048.0
SCSYM060FLW001.TOTAL_FLOW,2021-11-30T00:00:00.000Z,2021-11-30T06:00:00.000Z,805488.8
SCSSN053FLW001.TOTAL_FLOW,2021-11-30T00:00:00.000Z,2021-11-30T06:00:00.000Z,2.1856484E7
SCMHF014FLW001.TOTAL_FLOW,2021-11-30T00:00:00.000Z,2021-11-30T06:00:00.000Z,2.11613412E7
SCJWN055SPR001.TOTAL_FLOW,2021-11-30T00:00:00.000Z,2021-11-30T06:00:00.000Z,2455346.0
SCMUR079FLW001.TOTAL_FLOW,2021-11-30T00:00:00.000Z,2021-11-30T06:00:00.000Z,2718190.0
SCSRT051FLW001.TOTAL_FLOW,2021-11-30T00:00:00.000Z,2021-11-30T06:00:00.000Z,1776322.0
SCPRN043FLW001.TOTAL_FLOW,2021-11-30T00:00:00.000Z,2021-11-30T06:00:00.000Z,2494536.9000000004
SCSNC041FLW002.TOTAL_FLOW,2021-11-30T00:00:00.000Z,2021-11-30T06:00:00.000Z,2259368.1999999997
SCMTP010FLW002.TOTAL_FLOW,2021-11-30T00:00:00.000Z,2021-11-30T06:00:00.000Z,131724.0
SCKHN076FLW002.TOTAL_FLOW,2021-11-30T00:00:00.000Z,2021-11-30T06:00:00.000Z,2.92355705E8
SCSNN069SPR001.TOTAL_FLOW,2021-11-30T00:00:00.000Z,2021-11-30T06:00:00.000Z,3.05398514E8
SCSEC026FLW001.TOTAL_FLOW,2021-11-30T00:00:00.000Z,2021-11-30T06:00:00.000Z,14763.2
SCCVN031FLW002.CUMULATIVE_TOTAL_FLOW,2021-11-30T00:00:00.000Z,2021-11-30T06:00:00.000Z,3.383172441E8
SCMNS017FLW001.TOTAL_FLOW,2021-11-30T00:00:00.000Z,2021-11-30T06:00:00.000Z,3.2740588E7
SCJAW005FLW003.TOTAL_FLOW,2021-11-30T00:00:00.000Z,2021-11-30T06:00:00.000Z,3.9962688E8
SCGTS048FLW001.CUMULATIVE_TOTAL_FLOW,2021-11-30T00:00:00.000Z,2021-11-30T06:00:00.000Z,3.9547141024E8
SCSRT051FLW002.TOTAL_FLOW,2021-11-30T00:00:00.000Z,2021-11-30T06:00:00.000Z,4064011.6
SCKTC067FLW001.TOTAL_FLOW,2021-11-30T00:00:00.000Z,2021-11-30T06:00:00.000Z,1.7577986418E9
SCSTN032SPR001.TOTAL_FLOW,2021-11-30T00:00:00.000Z,2021-11-30T06:00:00.000Z,1.7579991807E9
SCSNC041FLW001.TOTAL_FLOW,2021-11-30T00:00:00.000Z,2021-11-30T06:00:00.000Z,47715.0
SCSUR002FLW002.TOTAL_FLOW,2021-11-30T00:00:00.000Z,2021-11-30T06:00:00.000Z,1.0087053168E10
SCAMA009FLW001.TOTAL_FLOW,2021-11-30T00:00:00.000Z,2021-11-30T06:00:00.000Z,5.28337724E9
SCCVN031SPR001.TOTAL_FLOW,2021-11-30T00:00:00.000Z,2021-11-30T06:00:00.000Z,3.0691196E8
SCPRN045FLW001.TOTAL_FLOW,2021-11-30T00:00:00.000Z,2021-11-30T06:00:00.000Z,32975.200000000004
SCSYN012FLW001.TOTAL_FLOW,2021-11-30T00:00:00.000Z,2021-11-30T06:00:00.000Z,8591732.0
SCVDN063FLW001.TOTAL_FLOW,2021-11-30T00:00:00.000Z,2021-11-30T06:00:00.000Z,2.228947874E8
SCSBN054FLW001.TOTAL_FLOW,2021-11-30T00:00:00.000Z,2021-11-30T06:00:00.000Z,2.238336E8
SCSTN032FLW002.TOTAL_FLOW,2021-11-30T00:00:00.000Z,2021-11-30T06:00:00.000Z,1.4635452E7
SCJYN030SPR001.TOTAL_FLOW,2021-11-30T00:00:00.000Z,2021-11-30T06:00:00.000Z,896626.0
SCVDH039FLW002.TOTAL_FLOW,2021-11-30T00:00:00.000Z,2021-11-30T06:00:00.000Z,1996656.0
SCSUR002FLW001.TOTAL_FLOW,2021-11-30T00:00:00.000Z,2021-11-30T06:00:00.000Z,1964910.618
SCSNC041FLW002.CUMULATIVE_TOTAL_FLOW,2021-11-30T00:00:00.000Z,2021-11-30T06:00:00.000Z,9.1094561048E7
SCSUR002FLW004.CUMULATIVE_TOTAL_FLOW,2021-11-30T06:00:00.000Z,2021-11-30T12:00:00.000Z,1.43142803445E11
SCSUR002FLW001.TOTAL_FLOW,2021-11-30T06:00:00.000Z,2021-11-30T12:00:00.000Z,1.43086396358728E11
SCCEN007FLW001.TOTAL_FLOW,2021-11-30T06:00:00.000Z,2021-11-30T12:00:00.000Z,1.31755629E8
SCGTS048FLW001.CUMULATIVE_TOTAL_FLOW,2021-11-30T06:00:00.000Z,2021-11-30T12:00:00.000Z,1.441160563E8
SCBAL004FLW003.CUMULATIVE_TOTAL_FLOW,2021-11-30T06:00:00.000Z,2021-11-30T12:00:00.000Z,1.6452297E7
SCBKN016FLW001.TOTAL_FLOW,2021-11-30T06:00:00.000Z,2021-11-30T12:00:00.000Z,1.6316493E7
SCPRN045FLW001.TOTAL_FLOW,2021-11-30T06:00:00.000Z,2021-11-30T12:00:00.000Z,95687.0
SCMLN061FLW002.TOTAL_FLOW,2021-11-30T06:00:00.000Z,2021-11-30T12:00:00.000Z,824048.0
SCKHN076FLW001.TOTAL_FLOW,2021-11-30T06:00:00.000Z,2021-11-30T12:00:00.000Z,815980.788
SCSFS022FLW001.TOTAL_FLOW,2021-11-30T06:00:00.000Z,2021-11-30T12:00:00.000Z,50820.9
SCSUR002FLW002.TOTAL_FLOW,2021-11-30T06:00:00.000Z,2021-11-30T12:00:00.000Z,1.17189648E8
SCBIS001FLW001.TOTAL_FLOW,2021-11-30T06:00:00.000Z,2021-11-30T12:00:00.000Z,7.4099512E8
SCMLN061FLW001.TOTAL_FLOW,2021-11-30T06:00:00.000Z,2021-11-30T12:00:00.000Z,7.47840584E8
SCJYN030FLW001.TOTAL_FLOW,2021-11-30T06:00:00.000Z,2021-11-30T12:00:00.000Z,3.5581253E7
SCRAM008FLW001.TOTAL_FLOW,2021-11-30T06:00:00.000Z,2021-11-30T12:00:00.000Z,1.1138036602E10
SCGPB018FLW002.TOTAL_FLOW,2021-11-30T06:00:00.000Z,2021-11-30T12:00:00.000Z,4994128.0
SCVDN063FLW002.TOTAL_FLOW,2021-11-30T06:00:00.000Z,2021-11-30T12:00:00.000Z,2690070.0
SCHLG074FLW002.TOTAL_FLOW,2021-11-30T06:00:00.000Z,2021-11-30T12:00:00.000Z,502920.0
SCMTP010SPR001.TOTAL_FLOW,2021-11-30T06:00:00.000Z,2021-11-30T12:00:00.000Z,2.07684114E8
SCAMA009FLW004.TOTAL_FLOW,2021-11-30T06:00:00.000Z,2021-11-30T12:00:00.000Z,2.21354215E8
SCSRT051FLW001.TOTAL_FLOW,2021-11-30T06:00:00.000Z,2021-11-30T12:00:00.000Z,1.982370022E9
SCADN071FLW001.TOTAL_FLOW,2021-11-30T06:00:00.000Z,2021-11-30T12:00:00.000Z,4.11742057E9
SCAMA009FLW001.TOTAL_FLOW,2021-11-30T06:00:00.000Z,2021-11-30T12:00:00.000Z,2093292.0
SCCVN031FLW001.TOTAL_FLOW,2021-11-30T06:00:00.000Z,2021-11-30T12:00:00.000Z,1.2438872E8
SCVKI040FLW001.TOTAL_FLOW,2021-11-30T06:00:00.000Z,2021-11-30T12:00:00.000Z,873548.0
SCSEC026FLW001.TOTAL_FLOW,2021-11-30T06:00:00.000Z,2021-11-30T12:00:00.000Z,3.586611345E8
SCDGP013FLW001.TOTAL_FLOW,2021-11-30T06:00:00.000Z,2021-11-30T12:00:00.000Z,3.66276968E8
SCADB035FLW002.TOTAL_FLOW,2021-11-30T06:00:00.000Z,2021-11-30T12:00:00.000Z,9236463.0
SCVDN063SPR001.TOTAL_FLOW,2021-11-30T06:00:00.000Z,2021-11-30T12:00:00.000Z,9.7120708602E10
SCBIS001FLW002.TOTAL_FLOW,2021-11-30T06:00:00.000Z,2021-11-30T12:00:00.000Z,9.8782780331E10
SCMAN006FLW001.TOTAL_FLOW,2021-11-30T06:00:00.000Z,2021-11-30T12:00:00.000Z,2.34093352E9
SCMTP010FLW002.TOTAL_FLOW,2021-11-30T06:00:00.000Z,2021-11-30T12:00:00.000Z,3.8160308E7
SCJAW005FLW003.TOTAL_FLOW,2021-11-30T06:00:00.000Z,2021-11-30T12:00:00.000Z,4.003688E8
SCCVN031FLW002.TOTAL_FLOW,2021-11-30T06:00:00.000Z,2021-11-30T12:00:00.000Z,3.9976948E8
SCEXT062FLW001.TOTAL_FLOW,2021-11-30T06:00:00.000Z,2021-11-30T12:00:00.000Z,35687.3
SCVDN063FLW001.TOTAL_FLOW,2021-11-30T06:00:00.000Z,2021-11-30T12:00:00.000Z,134.90000000000146
SCSBN054FLW001.CUMULATIVE_TOTAL_FLOW,2021-11-30T06:00:00.000Z,2021-11-30T12:00:00.000Z,1.01858299E8
SCVDN063SPR001.CUMULATIVE_TOTAL_FLOW,2021-11-30T06:00:00.000Z,2021-11-30T12:00:00.000Z,1.030460952E8
SCGPB018SPR001.TOTAL_FLOW,2021-11-30T06:00:00.000Z,2021-11-30T12:00:00.000Z,14.0
SCHMN015FLW001.CUMULATIVE_TOTAL_FLOW,2021-11-30T06:00:00.000Z,2021-11-30T12:00:00.000Z,4.5182444E7
SCSEC026SPR001.TOTAL_FLOW,2021-11-30T06:00:00.000Z,2021-11-30T12:00:00.000Z,1.875430079E8
SCEXT062FLW002.TOTAL_FLOW,2021-11-30T06:00:00.000Z,2021-11-30T12:00:00.000Z,2775107.8000000007
SCPRN045FLW001.CUMULATIVE_TOTAL_FLOW,2021-11-30T06:00:00.000Z,2021-11-30T12:00:00.000Z,3021617.5
SCJWN055FLW001.TOTAL_FLOW,2021-11-30T06:00:00.000Z,2021-11-30T12:00:00.000Z,9424660.0
SCPRN047FLW002.TOTAL_FLOW,2021-11-30T06:00:00.000Z,2021-11-30T12:00:00.000Z,9422296.0
SCSYM060FLW001.TOTAL_FLOW,2021-11-30T06:00:00.000Z,2021-11-30T12:00:00.000Z,1.2650923095E9
SCSRT051FLW001.CUMULATIVE_TOTAL_FLOW,2021-11-30T06:00:00.000Z,2021-11-30T12:00:00.000Z,8725840.0
SCPRN043FLW002.CUMULATIVE_TOTAL_FLOW,2021-11-30T06:00:00.000Z,2021-11-30T12:00:00.000Z,1.45825972E8
SCTLN072FLW001.TOTAL_FLOW,2021-11-30T06:00:00.000Z,2021-11-30T12:00:00.000Z,1612477.0
SCNRN052FLW001.CUMULATIVE_TOTAL_FLOW,2021-11-30T06:00:00.000Z,2021-11-30T12:00:00.000Z,1.3168296E7
SCSUR002FLW004.TOTAL_FLOW,2021-11-30T06:00:00.000Z,2021-11-30T12:00:00.000Z,6.6472056E8
SCGDN019FLW001.CUMULATIVE_TOTAL_FLOW,2021-11-30T06:00:00.000Z,2021-11-30T12:00:00.000Z,2.774850942E9
SCSBN054FLW001.TOTAL_FLOW,2021-11-30T06:00:00.000Z,2021-11-30T12:00:00.000Z,2.76536074E9
SCADN071FLW002.TOTAL_FLOW,2021-11-30T06:00:00.000Z,2021-11-30T12:00:00.000Z,5.988123457E9
SCMUR079SPR001.TOTAL_FLOW,2021-11-30T06:00:00.000Z,2021-11-30T12:00:00.000Z,5.989556761E9
SCSNN069FLW002.TOTAL_FLOW,2021-11-30T06:00:00.000Z,2021-11-30T12:00:00.000Z,5.999562841E9
SCBAL004FLW002.TOTAL_FLOW,2021-11-30T06:00:00.000Z,2021-11-30T12:00:00.000Z,896856.0
SCGPB018FLW002.CUMULATIVE_TOTAL_FLOW,2021-11-30T06:00:00.000Z,2021-11-30T12:00:00.000Z,2.2366043E7
SCTLN072SPR001.TOTAL_FLOW,2021-11-30T06:00:00.000Z,2021-11-30T12:00:00.000Z,3.52139493E8
SCGPB018FLW001.TOTAL_FLOW,2021-11-30T06:00:00.000Z,2021-11-30T12:00:00.000Z,2.70664273E8
SCPRN043FLW002.TOTAL_FLOW,2021-11-30T06:00:00.000Z,2021-11-30T12:00:00.000Z,6787982.0
SCHLG074SPR001.TOTAL_FLOW,2021-11-30T06:00:00.000Z,2021-11-30T12:00:00.000Z,1.0
SCSSN053FLW001.TOTAL_FLOW,2021-11-30T06:00:00.000Z,2021-11-30T12:00:00.000Z,2.185824E7
SCMUR079FLW001.TOTAL_FLOW,2021-11-30T06:00:00.000Z,2021-11-30T12:00:00.000Z,1.9134701E7
SCMTP010FLW001.TOTAL_FLOW,2021-11-30T06:00:00.000Z,2021-11-30T12:00:00.000Z,1747963.0
SCPRN047SPR001.TOTAL_FLOW,2021-11-30T06:00:00.000Z,2021-11-30T12:00:00.000Z,8.0213071E8
SCHMN015FLW001.TOTAL_FLOW,2021-11-30T06:00:00.000Z,2021-11-30T12:00:00.000Z,6043688.5
SCPRN045SPR001.TOTAL_FLOW,2021-11-30T06:00:00.000Z,2021-11-30T12:00:00.000Z,3915917.0
SCSUR002FLW003.TOTAL_FLOW,2021-11-30T06:00:00.000Z,2021-11-30T12:00:00.000Z,128.0
SCTRS075SPR001.TOTAL_FLOW,2021-11-30T06:00:00.000Z,2021-11-30T12:00:00.000Z,8.6006509E7
SCMLN061SPR001.CUMULATIVE_TOTAL_FLOW,2021-11-30T06:00:00.000Z,2021-11-30T12:00:00.000Z,11.0
SCHMN015SPR001.TOTAL_FLOW,2021-11-30T06:00:00.000Z,2021-11-30T12:00:00.000Z,1.14587348E9
SCBNP078FLW001.TOTAL_FLOW,2021-11-30T06:00:00.000Z,2021-11-30T12:00:00.000Z,1.151897409E9
SCPRN046FLW001.TOTAL_FLOW,2021-11-30T06:00:00.000Z,2021-11-30T12:00:00.000Z,1.1519359486E9
SCBAL004FLW003.TOTAL_FLOW,2021-11-30T06:00:00.000Z,2021-11-30T12:00:00.000Z,841952.0
SCJYN030FLW002.TOTAL_FLOW,2021-11-30T06:00:00.000Z,2021-11-30T12:00:00.000Z,835986.0
SCSNC041FLW002.CUMULATIVE_TOTAL_FLOW,2021-11-30T06:00:00.000Z,2021-11-30T12:00:00.000Z,0.0
SCHLG074FLW001.TOTAL_FLOW,2021-11-30T06:00:00.000Z,2021-11-30T12:00:00.000Z,5.7458346E7
SCRAM008FLW002.TOTAL_FLOW,2021-11-30T06:00:00.000Z,2021-11-30T12:00:00.000Z,700696.0
SCMNS017FLW001.TOTAL_FLOW,2021-11-30T06:00:00.000Z,2021-11-30T12:00:00.000Z,4.93523131E8
SCSNN069FLW001.TOTAL_FLOW,2021-11-30T06:00:00.000Z,2021-11-30T12:00:00.000Z,1.029226868E8
SCBAL004FLW001.TOTAL_FLOW,2021-11-30T06:00:00.000Z,2021-11-30T12:00:00.000Z,9.37424973E8
SCTRS075FLW001.TOTAL_FLOW,2021-11-30T06:00:00.000Z,2021-11-30T12:00:00.000Z,8.52618909E8
SCKTC067FLW001.TOTAL_FLOW,2021-11-30T06:00:00.000Z,2021-11-30T12:00:00.000Z,1.70112227E7
SCADB035SPR001.TOTAL_FLOW,2021-11-30T06:00:00.000Z,2021-11-30T12:00:00.000Z,63504.4
SCSNC041FLW002.TOTAL_FLOW,2021-11-30T06:00:00.000Z,2021-11-30T12:00:00.000Z,1.0
SCJWN055FLW002.TOTAL_FLOW,2021-11-30T06:00:00.000Z,2021-11-30T12:00:00.000Z,1805352.4999999993
SCADN071SPR001.TOTAL_FLOW,2021-11-30T06:00:00.000Z,2021-11-30T12:00:00.000Z,996170.3000000002
SCEXT062FLW002.CUMULATIVE_TOTAL_FLOW,2021-11-30T06:00:00.000Z,2021-11-30T12:00:00.000Z,1.0
SCJYN030SPR001.TOTAL_FLOW,2021-11-30T06:00:00.000Z,2021-11-30T12:00:00.000Z,1.0
SCPRN047SPR001.CUMULATIVE_TOTAL_FLOW,2021-11-30T06:00:00.000Z,2021-11-30T12:00:00.000Z,7.0
SCSYN012FLW001.TOTAL_FLOW,2021-11-30T06:00:00.000Z,2021-11-30T12:00:00.000Z,8592295.0
SCPRN047FLW002.CUMULATIVE_TOTAL_FLOW,2021-11-30T06:00:00.000Z,2021-11-30T12:00:00.000Z,8587338.0
SCAMA009FLW002.TOTAL_FLOW,2021-11-30T06:00:00.000Z,2021-11-30T12:00:00.000Z,4.6430272E7
SCCVN031SPR001.TOTAL_FLOW,2021-11-30T06:00:00.000Z,2021-11-30T12:00:00.000Z,4.6418415E7
SCGDN019SPR001.TOTAL_FLOW,2021-11-30T06:00:00.000Z,2021-11-30T12:00:00.000Z,3.565000971E9
SCAMA009FLW003.TOTAL_FLOW,2021-11-30T06:00:00.000Z,2021-11-30T12:00:00.000Z,3.58253515E9
SCSYN012FLW001.CUMULATIVE_TOTAL_FLOW,2021-11-30T06:00:00.000Z,2021-11-30T12:00:00.000Z,4.85010761E8
SCSTN032SPR001.TOTAL_FLOW,2021-11-30T06:00:00.000Z,2021-11-30T12:00:00.000Z,4.76443455E8
SCVDH039FLW001.TOTAL_FLOW,2021-11-30T06:00:00.000Z,2021-11-30T12:00:00.000Z,6124256.0
SCEXT062SPR001.TOTAL_FLOW,2021-11-30T06:00:00.000Z,2021-11-30T12:00:00.000Z,6124062.0
SCGDN019FLW001.TOTAL_FLOW,2021-11-30T06:00:00.000Z,2021-11-30T12:00:00.000Z,8.39681722E7
SCBKN016FLW002.TOTAL_FLOW,2021-11-30T06:00:00.000Z,2021-11-30T12:00:00.000Z,8.0778583E7
SCSNC041SPR001.TOTAL_FLOW,2021-11-30T06:00:00.000Z,2021-11-30T12:00:00.000Z,2757325.0
SCPRN045FLW002.TOTAL_FLOW,2021-11-30T06:00:00.000Z,2021-11-30T12:00:00.000Z,430036.0
SCJAW005FLW001.TOTAL_FLOW,2021-11-30T06:00:00.000Z,2021-11-30T12:00:00.000Z,2.841750681E8
SCSTN032FLW001.TOTAL_FLOW,2021-11-30T06:00:00.000Z,2021-11-30T12:00:00.000Z,2.74284319E8
SCCVN031FLW002.CUMULATIVE_TOTAL_FLOW,2021-11-30T06:00:00.000Z,2021-11-30T12:00:00.000Z,9662926.0
SCADB035FLW001.CUMULATIVE_TOTAL_FLOW,2021-11-30T06:00:00.000Z,2021-11-30T12:00:00.000Z,1607657.8
SCSNN069SPR001.TOTAL_FLOW,2021-11-30T06:00:00.000Z,2021-11-30T12:00:00.000Z,1607226.4
SCHMN015FLW002.TOTAL_FLOW,2021-11-30T06:00:00.000Z,2021-11-30T12:00:00.000Z,3.564576E7
SCGDN019FLW002.TOTAL_FLOW,2021-11-30T06:00:00.000Z,2021-11-30T12:00:00.000Z,3.565591E7
SCSNC041FLW001.TOTAL_FLOW,2021-11-30T06:00:00.000Z,2021-11-30T12:00:00.000Z,48171.0
SCTLN072FLW002.TOTAL_FLOW,2021-11-30T06:00:00.000Z,2021-11-30T12:00:00.000Z,47879.0
SCJWN056FLW001.TOTAL_FLOW,2021-11-30T06:00:00.000Z,2021-11-30T12:00:00.000Z,1.3357879E7
SCBKN016SPR001.TOTAL_FLOW,2021-11-30T06:00:00.000Z,2021-11-30T12:00:00.000Z,1.3357018E7
SCMTP010SPR001.CUMULATIVE_TOTAL_FLOW,2021-11-30T06:00:00.000Z,2021-11-30T12:00:00.000Z,475802.31200000003
SCSTN032FLW002.TOTAL_FLOW,2021-11-30T06:00:00.000Z,2021-11-30T12:00:00.000Z,1.406781971E9
SCTRS075FLW002.TOTAL_FLOW,2021-11-30T06:00:00.000Z,2021-11-30T12:00:00.000Z,7606268.0
SCMHF014FLW001.TOTAL_FLOW,2021-11-30T06:00:00.000Z,2021-11-30T12:00:00.000Z,5149568.0
SCADB035FLW001.TOTAL_FLOW,2021-11-30T06:00:00.000Z,2021-11-30T12:00:00.000Z,3078961.7
SCSNN069FLW001.CUMULATIVE_TOTAL_FLOW,2021-11-30T06:00:00.000Z,2021-11-30T12:00:00.000Z,6041998.1
SCPRN047FLW001.TOTAL_FLOW,2021-11-30T06:00:00.000Z,2021-11-30T12:00:00.000Z,6047030.300000001
SCSNC041SPR001.CUMULATIVE_TOTAL_FLOW,2021-11-30T06:00:00.000Z,2021-11-30T12:00:00.000Z,29899.4
SCGTS048FLW001.TOTAL_FLOW,2021-11-30T06:00:00.000Z,2021-11-30T12:00:00.000Z,3106.6000000000004
SCSEC026FLW002.TOTAL_FLOW,2021-11-30T06:00:00.000Z,2021-11-30T12:00:00.000Z,1070.1000000000001
SCPRN043SPR001.TOTAL_FLOW,2021-11-30T06:00:00.000Z,2021-11-30T12:00:00.000Z,1.0
SCJWN055SPR001.TOTAL_FLOW,2021-11-30T06:00:00.000Z,2021-11-30T12:00:00.000Z,0.0
SCMLN061SPR001.TOTAL_FLOW,2021-11-30T06:00:00.000Z,2021-11-30T12:00:00.000Z,0.0
SCPRN043FLW001.TOTAL_FLOW,2021-11-30T06:00:00.000Z,2021-11-30T12:00:00.000Z,1374552.7000000002
SCNRN052FLW001.TOTAL_FLOW,2021-11-30T06:00:00.000Z,2021-11-30T12:00:00.000Z,2011229.0
SCRAM008FLW001.CUMULATIVE_TOTAL_FLOW,2021-11-30T06:00:00.000Z,2021-11-30T12:00:00.000Z,4.263186E7
SCMAN006FLW002.TOTAL_FLOW,2021-11-30T06:00:00.000Z,2021-11-30T12:00:00.000Z,1.5107009471E10
SCCVN031FLW001.TOTAL_FLOW,2021-11-30T12:00:00.000Z,2021-11-30T18:00:00.000Z,1.022606628E8
SCADB035SPR001.TOTAL_FLOW,2021-11-30T12:00:00.000Z,2021-11-30T18:00:00.000Z,4.84844695E7
SCPRN047FLW001.TOTAL_FLOW,2021-11-30T12:00:00.000Z,2021-11-30T18:00:00.000Z,361630.40000000014
SCHLG074FLW001.TOTAL_FLOW,2021-11-30T12:00:00.000Z,2021-11-30T18:00:00.000Z,2.91918551E8
SCRAM008FLW002.TOTAL_FLOW,2021-11-30T12:00:00.000Z,2021-11-30T18:00:00.000Z,9.4338208E7
SCCEN007FLW001.TOTAL_FLOW,2021-11-30T12:00:00.000Z,2021-11-30T18:00:00.000Z,1.31333536E8
SCJWN056FLW001.TOTAL_FLOW,2021-11-30T12:00:00.000Z,2021-11-30T18:00:00.000Z,8.13986274E8
SCBKN016SPR001.TOTAL_FLOW,2021-11-30T12:00:00.000Z,2021-11-30T18:00:00.000Z,7.09701628E8
SCCVN031FLW002.CUMULATIVE_TOTAL_FLOW,2021-11-30T12:00:00.000Z,2021-11-30T18:00:00.000Z,2.04576298E8
SCPRN045SPR001.TOTAL_FLOW,2021-11-30T12:00:00.000Z,2021-11-30T18:00:00.000Z,1.97383908E8
SCKTC067FLW001.TOTAL_FLOW,2021-11-30T12:00:00.000Z,2021-11-30T18:00:00.000Z,1.11138654738E10
SCMUR079FLW002.TOTAL_FLOW,2021-11-30T12:00:00.000Z,2021-11-30T18:00:00.000Z,65267.600000000006
SCSTN032FLW002.TOTAL_FLOW,2021-11-30T12:00:00.000Z,2021-11-30T18:00:00.000Z,896627.0
SCSNC041SPR001.CUMULATIVE_TOTAL_FLOW,2021-11-30T12:00:00.000Z,2021-11-30T18:00:00.000Z,1.67019498E8
SCVDN063FLW001.TOTAL_FLOW,2021-11-30T12:00:00.000Z,2021-11-30T18:00:00.000Z,1.9698404949E9
SCVKI040FLW001.TOTAL_FLOW,2021-11-30T12:00:00.000Z,2021-11-30T18:00:00.000Z,2603730.0
SCJAW005FLW003.TOTAL_FLOW,2021-11-30T12:00:00.000Z,2021-11-30T18:00:00.000Z,5.22660277E8
SCSNC041FLW002.TOTAL_FLOW,2021-11-30T12:00:00.000Z,2021-11-30T18:00:00.000Z,4.0048288E8
SCSNC041SPR001.TOTAL_FLOW,2021-11-30T12:00:00.000Z,2021-11-30T18:00:00.000Z,1.0
SCPRN046FLW001.TOTAL_FLOW,2021-11-30T12:00:00.000Z,2021-11-30T18:00:00.000Z,51892.700000000004
SCSBN054FLW001.CUMULATIVE_TOTAL_FLOW,2021-11-30T12:00:00.000Z,2021-11-30T18:00:00.000Z,1.01858813E8
SCTRS075SPR001.TOTAL_FLOW,2021-11-30T12:00:00.000Z,2021-11-30T18:00:00.000Z,1.01858491E8
SCTRS075FLW001.TOTAL_FLOW,2021-11-30T12:00:00.000Z,2021-11-30T18:00:00.000Z,1.4446997E7
SCSRT051FLW001.TOTAL_FLOW,2021-11-30T12:00:00.000Z,2021-11-30T18:00:00.000Z,1.3503804E7
SCHMN015FLW001.CUMULATIVE_TOTAL_FLOW,2021-11-30T12:00:00.000Z,2021-11-30T18:00:00.000Z,9.7164930195E10
SCJWN055FLW002.TOTAL_FLOW,2021-11-30T12:00:00.000Z,2021-11-30T18:00:00.000Z,2.92353113E9
SCJYN030FLW002.TOTAL_FLOW,2021-11-30T12:00:00.000Z,2021-11-30T18:00:00.000Z,2.878372392E9
SCJWN055FLW001.TOTAL_FLOW,2021-11-30T12:00:00.000Z,2021-11-30T18:00:00.000Z,9425631.0
SCAMA009FLW001.TOTAL_FLOW,2021-11-30T12:00:00.000Z,2021-11-30T18:00:00.000Z,3171797.0
SCPRN047SPR001.CUMULATIVE_TOTAL_FLOW,2021-11-30T12:00:00.000Z,2021-11-30T18:00:00.000Z,6236840.0
SCBAL004FLW001.TOTAL_FLOW,2021-11-30T12:00:00.000Z,2021-11-30T18:00:00.000Z,8.6725056E8
SCGDN019FLW002.TOTAL_FLOW,2021-11-30T12:00:00.000Z,2021-11-30T18:00:00.000Z,8.705433098E8
SCSNN069FLW002.TOTAL_FLOW,2021-11-30T12:00:00.000Z,2021-11-30T18:00:00.000Z,0.0
SCAMA009FLW002.TOTAL_FLOW,2021-11-30T12:00:00.000Z,2021-11-30T18:00:00.000Z,4.6443656E7
SCJYN030SPR001.TOTAL_FLOW,2021-11-30T12:00:00.000Z,2021-11-30T18:00:00.000Z,4.6432615E7
SCBKN016FLW001.TOTAL_FLOW,2021-11-30T12:00:00.000Z,2021-11-30T18:00:00.000Z,131447.0
SCAMA009FLW004.TOTAL_FLOW,2021-11-30T12:00:00.000Z,2021-11-30T18:00:00.000Z,1.363848E7
SCPRN043SPR001.TOTAL_FLOW,2021-11-30T12:00:00.000Z,2021-11-30T18:00:00.000Z,1.363839E7
SCSUR002FLW004.TOTAL_FLOW,2021-11-30T12:00:00.000Z,2021-11-30T18:00:00.000Z,6.6483076E8
SCHMN015FLW002.TOTAL_FLOW,2021-11-30T12:00:00.000Z,2021-11-30T18:00:00.000Z,6.61994715E8
SCSTN032SPR001.TOTAL_FLOW,2021-11-30T12:00:00.000Z,2021-11-30T18:00:00.000Z,2743484.0
SCVDN063SPR001.TOTAL_FLOW,2021-11-30T12:00:00.000Z,2021-11-30T18:00:00.000Z,3.2980906E8
SCMTP010FLW002.TOTAL_FLOW,2021-11-30T12:00:00.000Z,2021-11-30T18:00:00.000Z,131724.0
SCSYN012FLW001.TOTAL_FLOW,2021-11-30T12:00:00.000Z,2021-11-30T18:00:00.000Z,8592955.0
SCGTS048FLW001.TOTAL_FLOW,2021-11-30T12:00:00.000Z,2021-11-30T18:00:00.000Z,4.761287719E8
SCVDN063SPR001.CUMULATIVE_TOTAL_FLOW,2021-11-30T12:00:00.000Z,2021-11-30T18:00:00.000Z,6.410226769E8
SCSNC041FLW002.CUMULATIVE_TOTAL_FLOW,2021-11-30T12:00:00.000Z,2021-11-30T18:00:00.000Z,338250.9008
SCVDH039FLW001.TOTAL_FLOW,2021-11-30T12:00:00.000Z,2021-11-30T18:00:00.000Z,6406933.0456
SCDGP013FLW001.TOTAL_FLOW,2021-11-30T12:00:00.000Z,2021-11-30T18:00:00.000Z,1.0176216E7
SCSYN012FLW001.CUMULATIVE_TOTAL_FLOW,2021-11-30T12:00:00.000Z,2021-11-30T18:00:00.000Z,1.52939623E8
SCBAL004FLW002.TOTAL_FLOW,2021-11-30T12:00:00.000Z,2021-11-30T18:00:00.000Z,1.52040424E8
SCBNP078FLW001.TOTAL_FLOW,2021-11-30T12:00:00.000Z,2021-11-30T18:00:00.000Z,8119205.4
SCNRN052FLW001.CUMULATIVE_TOTAL_FLOW,2021-11-30T12:00:00.000Z,2021-11-30T18:00:00.000Z,1.5472556100000001E7
SCRAM008FLW001.TOTAL_FLOW,2021-11-30T12:00:00.000Z,2021-11-30T18:00:00.000Z,1.2468915E7
SCGDN019FLW001.CUMULATIVE_TOTAL_FLOW,2021-11-30T12:00:00.000Z,2021-11-30T18:00:00.000Z,2.774851614E9
SCPRN045FLW002.TOTAL_FLOW,2021-11-30T12:00:00.000Z,2021-11-30T18:00:00.000Z,2.774418478E9
SCJWN055SPR001.TOTAL_FLOW,2021-11-30T12:00:00.000Z,2021-11-30T18:00:00.000Z,430426.0
SCPRN045FLW001.CUMULATIVE_TOTAL_FLOW,2021-11-30T12:00:00.000Z,2021-11-30T18:00:00.000Z,5.56777318E7
SCMTP010SPR001.CUMULATIVE_TOTAL_FLOW,2021-11-30T12:00:00.000Z,2021-11-30T18:00:00.000Z,2871252.4
SCSSN053FLW001.TOTAL_FLOW,2021-11-30T12:00:00.000Z,2021-11-30T18:00:00.000Z,2.1859524E7
SCSUR002FLW004.CUMULATIVE_TOTAL_FLOW,2021-11-30T12:00:00.000Z,2021-11-30T18:00:00.000Z,1.4489719205E11
SCJAW005FLW001.TOTAL_FLOW,2021-11-30T12:00:00.000Z,2021-11-30T18:00:00.000Z,1.4280387486E11
SCGDN019FLW001.TOTAL_FLOW,2021-11-30T12:00:00.000Z,2021-11-30T18:00:00.000Z,1.99736472E8
SCPRN047FLW002.CUMULATIVE_TOTAL_FLOW,2021-11-30T12:00:00.000Z,2021-11-30T18:00:00.000Z,8.2234484E7
SCPRN047SPR001.TOTAL_FLOW,2021-11-30T12:00:00.000Z,2021-11-30T18:00:00.000Z,4.18599014E8
SCPRN043FLW002.TOTAL_FLOW,2021-11-30T12:00:00.000Z,2021-11-30T18:00:00.000Z,7.0430746E7
SCHLG074FLW002.TOTAL_FLOW,2021-11-30T12:00:00.000Z,2021-11-30T18:00:00.000Z,3263614.1999999997
SCADB035FLW002.TOTAL_FLOW,2021-11-30T12:00:00.000Z,2021-11-30T18:00:00.000Z,3564652.0999999996
SCPRN043FLW002.CUMULATIVE_TOTAL_FLOW,2021-11-30T12:00:00.000Z,2021-11-30T18:00:00.000Z,938488.0
SCSNN069SPR001.TOTAL_FLOW,2021-11-30T12:00:00.000Z,2021-11-30T18:00:00.000Z,1.0
SCHMN015FLW001.TOTAL_FLOW,2021-11-30T12:00:00.000Z,2021-11-30T18:00:00.000Z,1.0347106E7
SCNRN052FLW001.TOTAL_FLOW,2021-11-30T12:00:00.000Z,2021-11-30T18:00:00.000Z,3701660.0999999996
SCSYM060FLW001.TOTAL_FLOW,2021-11-30T12:00:00.000Z,2021-11-30T18:00:00.000Z,3016795.2
SCRAM008FLW001.CUMULATIVE_TOTAL_FLOW,2021-11-30T12:00:00.000Z,2021-11-30T18:00:00.000Z,4.263186E7
SCJYN030FLW001.TOTAL_FLOW,2021-11-30T12:00:00.000Z,2021-11-30T18:00:00.000Z,1.973781E7
SCSEC026FLW002.TOTAL_FLOW,2021-11-30T12:00:00.000Z,2021-11-30T18:00:00.000Z,2.2893324E7
SCMTP010SPR001.TOTAL_FLOW,2021-11-30T12:00:00.000Z,2021-11-30T18:00:00.000Z,1.0
SCSEC026FLW001.TOTAL_FLOW,2021-11-30T12:00:00.000Z,2021-11-30T18:00:00.000Z,16382.300000000001
SCMUR079SPR001.TOTAL_FLOW,2021-11-30T12:00:00.000Z,2021-11-30T18:00:00.000Z,15718.6
SCGPB018FLW001.TOTAL_FLOW,2021-11-30T12:00:00.000Z,2021-11-30T18:00:00.000Z,6787982.0
SCADB035FLW001.CUMULATIVE_TOTAL_FLOW,2021-11-30T12:00:00.000Z,2021-11-30T18:00:00.000Z,5179771.6
SCVDN063FLW002.TOTAL_FLOW,2021-11-30T12:00:00.000Z,2021-11-30T18:00:00.000Z,1574038.7999999998
SCMHF014FLW001.TOTAL_FLOW,2021-11-30T12:00:00.000Z,2021-11-30T18:00:00.000Z,2959777.4999999995
SCBAL004FLW003.TOTAL_FLOW,2021-11-30T12:00:00.000Z,2021-11-30T18:00:00.000Z,2137170.3
SCSUR002FLW001.TOTAL_FLOW,2021-11-30T12:00:00.000Z,2021-11-30T18:00:00.000Z,1370150.368
SCADB035FLW001.TOTAL_FLOW,2021-11-30T12:00:00.000Z,2021-11-30T18:00:00.000Z,19379.829999999998
SCSUR002FLW003.TOTAL_FLOW,2021-11-30T12:00:00.000Z,2021-11-30T18:00:00.000Z,1368592.6
SCSNN069FLW001.CUMULATIVE_TOTAL_FLOW,2021-11-30T12:00:00.000Z,2021-11-30T18:00:00.000Z,5373564.1
SCGTS048FLW001.CUMULATIVE_TOTAL_FLOW,2021-11-30T12:00:00.000Z,2021-11-30T18:00:00.000Z,1298959.2999999998
SCPRN045FLW001.TOTAL_FLOW,2021-11-30T12:00:00.000Z,2021-11-30T18:00:00.000Z,4035444.1000000006
SCPRN047FLW002.TOTAL_FLOW,2021-11-30T12:00:00.000Z,2021-11-30T18:00:00.000Z,31860.1
SCADN071FLW001.TOTAL_FLOW,2021-11-30T12:00:00.000Z,2021-11-30T18:00:00.000Z,8330297.0
SCTRS075FLW002.TOTAL_FLOW,2021-11-30T12:00:00.000Z,2021-11-30T18:00:00.000Z,2.2632795670000014E8
SCSTN032FLW001.TOTAL_FLOW,2021-11-30T12:00:00.000Z,2021-11-30T18:00:00.000Z,9667043.0
SCPRN043FLW001.TOTAL_FLOW,2021-11-30T12:00:00.000Z,2021-11-30T18:00:00.000Z,2.820383361E8
SCKHN076FLW001.TOTAL_FLOW,2021-11-30T12:00:00.000Z,2021-11-30T18:00:00.000Z,85881.2064
SCSFS022FLW001.TOTAL_FLOW,2021-11-30T12:00:00.000Z,2021-11-30T18:00:00.000Z,51753.100000000006
SCMNS017FLW001.TOTAL_FLOW,2021-11-30T12:00:00.000Z,2021-11-30T18:00:00.000Z,3.70971689E8
SCSRT051FLW001.CUMULATIVE_TOTAL_FLOW,2021-11-30T12:00:00.000Z,2021-11-30T18:00:00.000Z,2.3076612E7
SCSEC026SPR001.TOTAL_FLOW,2021-11-30T12:00:00.000Z,2021-11-30T18:00:00.000Z,9203994.412
SCMTP010FLW001.TOTAL_FLOW,2021-11-30T12:00:00.000Z,2021-11-30T18:00:00.000Z,972087.0
SCBAL004FLW003.CUMULATIVE_TOTAL_FLOW,2021-11-30T12:00:00.000Z,2021-11-30T18:00:00.000Z,9.984612279E9
SCHLG074SPR001.TOTAL_FLOW,2021-11-30T12:00:00.000Z,2021-11-30T18:00:00.000Z,1.70513511E7
SCSNC041FLW001.TOTAL_FLOW,2021-11-30T12:00:00.000Z,2021-11-30T18:00:00.000Z,48458.0
SCCVN031SPR001.TOTAL_FLOW,2021-11-30T12:00:00.000Z,2021-11-30T18:00:00.000Z,3.00728309E8
SCTLN072FLW001.TOTAL_FLOW,2021-11-30T12:00:00.000Z,2021-11-30T18:00:00.000Z,1613217.0
SCSBN054FLW001.TOTAL_FLOW,2021-11-30T12:00:00.000Z,2021-11-30T18:00:00.000Z,5.461284E7
SCMUR079FLW001.TOTAL_FLOW,2021-11-30T12:00:00.000Z,2021-11-30T18:00:00.000Z,6764297.0
SCBKN016FLW002.TOTAL_FLOW,2021-11-30T12:00:00.000Z,2021-11-30T18:00:00.000Z,5.06768177E8
SCAMA009FLW003.TOTAL_FLOW,2021-11-30T12:00:00.000Z,2021-11-30T18:00:00.000Z,5.37557373E8
SCHMN015SPR001.TOTAL_FLOW,2021-11-30T12:00:00.000Z,2021-11-30T18:00:00.000Z,1.7509531E7
SCSUR002FLW002.TOTAL_FLOW,2021-11-30T12:00:00.000Z,2021-11-30T18:00:00.000Z,1.17202672E8
SCGDN019SPR001.TOTAL_FLOW,2021-11-30T12:00:00.000Z,2021-11-30T18:00:00.000Z,1.185505462E8
SCBIS001FLW001.TOTAL_FLOW,2021-11-30T12:00:00.000Z,2021-11-30T18:00:00.000Z,7.420924843E8
SCCVN031FLW002.TOTAL_FLOW,2021-11-30T12:00:00.000Z,2021-11-30T18:00:00.000Z,7.50019423E8
SCSNN069FLW001.TOTAL_FLOW,2021-11-30T12:00:00.000Z,2021-11-30T18:00:00.000Z,7667059.7
SCVDH039FLW001.TOTAL_FLOW,2021-11-30T18:00:00.000Z,2021-12-01T00:00:00.000Z,6124519.0
SCSBN054FLW001.CUMULATIVE_TOTAL_FLOW,2021-11-30T18:00:00.000Z,2021-12-01T00:00:00.000Z,3.93313298E8
SCGDN019FLW001.TOTAL_FLOW,2021-11-30T18:00:00.000Z,2021-12-01T00:00:00.000Z,1.9619125E7
SCADB035FLW001.CUMULATIVE_TOTAL_FLOW,2021-11-30T18:00:00.000Z,2021-12-01T00:00:00.000Z,8.06313856E7
SCJIA070FLW002.CUMULATIVE_TOTAL_FLOW,2021-11-30T18:00:00.000Z,2021-12-01T00:00:00.000Z,6961463.4
SCSRT051FLW001.TOTAL_FLOW,2021-11-30T18:00:00.000Z,2021-12-01T00:00:00.000Z,8325152.0
SCSEC026FLW001.TOTAL_FLOW,2021-11-30T18:00:00.000Z,2021-12-01T00:00:00.000Z,5454769.6
SCMNS017FLW001.TOTAL_FLOW,2021-11-30T18:00:00.000Z,2021-12-01T00:00:00.000Z,3.2746216E7
SCTLN072FLW001.TOTAL_FLOW,2021-11-30T18:00:00.000Z,2021-12-01T00:00:00.000Z,2.80280051E8
SCBAL004FLW003.TOTAL_FLOW,2021-11-30T18:00:00.000Z,2021-12-01T00:00:00.000Z,761933.0
SCVDN063FLW001.TOTAL_FLOW,2021-11-30T18:00:00.000Z,2021-12-01T00:00:00.000Z,1.225479692E8
SCJIA070FLW002.TOTAL_FLOW,2021-11-30T18:00:00.000Z,2021-12-01T00:00:00.000Z,38130.8
SCJWN056FLW001.TOTAL_FLOW,2021-11-30T18:00:00.000Z,2021-12-01T00:00:00.000Z,1.3359024E7
SCCVN031FLW001.TOTAL_FLOW,2021-11-30T18:00:00.000Z,2021-12-01T00:00:00.000Z,9.7129602738E10
SCJYN030FLW001.TOTAL_FLOW,2021-11-30T18:00:00.000Z,2021-12-01T00:00:00.000Z,2.289423E7
SCCEN007FLW001.TOTAL_FLOW,2021-11-30T18:00:00.000Z,2021-12-01T00:00:00.000Z,2.433992664E9
SCKHN076FLW001.TOTAL_FLOW,2021-11-30T18:00:00.000Z,2021-12-01T00:00:00.000Z,1.313266379344E8
SCGTS048FLW001.TOTAL_FLOW,2021-11-30T18:00:00.000Z,2021-12-01T00:00:00.000Z,2150.3656
SCMUR079SPR001.TOTAL_FLOW,2021-11-30T18:00:00.000Z,2021-12-01T00:00:00.000Z,5922.700000000001
SCSUR002FLW003.TOTAL_FLOW,2021-11-30T18:00:00.000Z,2021-12-01T00:00:00.000Z,128.0
SCBAL004FLW001.TOTAL_FLOW,2021-11-30T18:00:00.000Z,2021-12-01T00:00:00.000Z,2.448583693E9
SCJIA070SPR001.TOTAL_FLOW,2021-11-30T18:00:00.000Z,2021-12-01T00:00:00.000Z,2.448672095E9
SCSYM060FLW001.TOTAL_FLOW,2021-11-30T18:00:00.000Z,2021-12-01T00:00:00.000Z,21076.9
SCADB035FLW001.TOTAL_FLOW,2021-11-30T18:00:00.000Z,2021-12-01T00:00:00.000Z,4.2215946819E9
SCPRN043SPR001.TOTAL_FLOW,2021-11-30T18:00:00.000Z,2021-12-01T00:00:00.000Z,4.233653754E9
SCJAW005FLW001.TOTAL_FLOW,2021-11-30T18:00:00.000Z,2021-12-01T00:00:00.000Z,2.827952E8
SCSYN012FLW001.TOTAL_FLOW,2021-11-30T18:00:00.000Z,2021-12-01T00:00:00.000Z,6.04081428E8
SCSYN012FLW001.CUMULATIVE_TOTAL_FLOW,2021-11-30T18:00:00.000Z,2021-12-01T00:00:00.000Z,1.52939721E8
SCVKI040FLW001.TOTAL_FLOW,2021-11-30T18:00:00.000Z,2021-12-01T00:00:00.000Z,1.525775144E8
SCSTN032FLW001.TOTAL_FLOW,2021-11-30T18:00:00.000Z,2021-12-01T00:00:00.000Z,9.5639407E7
SCGTS048FLW001.CUMULATIVE_TOTAL_FLOW,2021-11-30T18:00:00.000Z,2021-12-01T00:00:00.000Z,5596003.7
SCPRN047FLW001.TOTAL_FLOW,2021-11-30T18:00:00.000Z,2021-12-01T00:00:00.000Z,4039855.1999999997
SCBIS001FLW001.TOTAL_FLOW,2021-11-30T18:00:00.000Z,2021-12-01T00:00:00.000Z,7.68297685E8
SCBNP078FLW001.TOTAL_FLOW,2021-11-30T18:00:00.000Z,2021-12-01T00:00:00.000Z,1.5793799019E10
SCPRN043FLW002.CUMULATIVE_TOTAL_FLOW,2021-11-30T18:00:00.000Z,2021-12-01T00:00:00.000Z,1.2739034E7
SCMUR079FLW001.TOTAL_FLOW,2021-11-30T18:00:00.000Z,2021-12-01T00:00:00.000Z,2726141.0
SCSFS022FLW001.TOTAL_FLOW,2021-11-30T18:00:00.000Z,2021-12-01T00:00:00.000Z,2674222.9
SCSSN053FLW002.TOTAL_FLOW,2021-11-30T18:00:00.000Z,2021-12-01T00:00:00.000Z,51918.100000000006
SCADN071FLW001.TOTAL_FLOW,2021-11-30T18:00:00.000Z,2021-12-01T00:00:00.000Z,1.0882849030000009E8
SCAMA009FLW004.TOTAL_FLOW,2021-11-30T18:00:00.000Z,2021-12-01T00:00:00.000Z,1.3638522E7
SCGPB018FLW001.TOTAL_FLOW,2021-11-30T18:00:00.000Z,2021-12-01T00:00:00.000Z,6850540.0
SCJAW005FLW003.TOTAL_FLOW,2021-11-30T18:00:00.000Z,2021-12-01T00:00:00.000Z,4.0116384E8
SCHMN015FLW001.TOTAL_FLOW,2021-11-30T18:00:00.000Z,2021-12-01T00:00:00.000Z,3.97246073E8
SCSRT051FLW001.CUMULATIVE_TOTAL_FLOW,2021-11-30T18:00:00.000Z,2021-12-01T00:00:00.000Z,9667057.0
SCBAL004FLW002.TOTAL_FLOW,2021-11-30T18:00:00.000Z,2021-12-01T00:00:00.000Z,8768355.0
SCDGP013FLW001.TOTAL_FLOW,2021-11-30T18:00:00.000Z,2021-12-01T00:00:00.000Z,1.0176346E7
SCAMA009FLW002.TOTAL_FLOW,2021-11-30T18:00:00.000Z,2021-12-01T00:00:00.000Z,4.6445688E7
SCPRN045FLW001.CUMULATIVE_TOTAL_FLOW,2021-11-30T18:00:00.000Z,2021-12-01T00:00:00.000Z,4.35741033E7
SCJWN055FLW001.TOTAL_FLOW,2021-11-30T18:00:00.000Z,2021-12-01T00:00:00.000Z,9425824.0
SCPRN045FLW002.TOTAL_FLOW,2021-11-30T18:00:00.000Z,2021-12-01T00:00:00.000Z,8992797.0
SCSUR002FLW004.TOTAL_FLOW,2021-11-30T18:00:00.000Z,2021-12-01T00:00:00.000Z,6.665469996E8
SCSBN054FLW001.TOTAL_FLOW,2021-11-30T18:00:00.000Z,2021-12-01T00:00:00.000Z,6.5535962E8
SCSNC041FLW001.TOTAL_FLOW,2021-11-30T18:00:00.000Z,2021-12-01T00:00:00.000Z,9441682.0
SCBKN016FLW001.TOTAL_FLOW,2021-11-30T18:00:00.000Z,2021-12-01T00:00:00.000Z,131875.0
SCPRN043FLW002.TOTAL_FLOW,2021-11-30T18:00:00.000Z,2021-12-01T00:00:00.000Z,131875.0
SCSUR002FLW004.CUMULATIVE_TOTAL_FLOW,2021-11-30T18:00:00.000Z,2021-12-01T00:00:00.000Z,1.43751428E11
SCMHF014FLW001.TOTAL_FLOW,2021-11-30T18:00:00.000Z,2021-12-01T00:00:00.000Z,1.439368513547E11
SCTRS075FLW001.TOTAL_FLOW,2021-11-30T18:00:00.000Z,2021-12-01T00:00:00.000Z,7.7940263E8
SCADB035FLW002.TOTAL_FLOW,2021-11-30T18:00:00.000Z,2021-12-01T00:00:00.000Z,1.3507813E7
SCPRN045FLW001.TOTAL_FLOW,2021-11-30T18:00:00.000Z,2021-12-01T00:00:00.000Z,3.390545996E8
SCSUR002FLW001.TOTAL_FLOW,2021-11-30T18:00:00.000Z,2021-12-01T00:00:00.000Z,349350.8760000001
SCSSN053SPR001.TOTAL_FLOW,2021-11-30T18:00:00.000Z,2021-12-01T00:00:00.000Z,32128.266
SCPRN046FLW001.TOTAL_FLOW,2021-11-30T18:00:00.000Z,2021-12-01T00:00:00.000Z,51928.200000000004
SCJIA070FLW001.TOTAL_FLOW,2021-11-30T18:00:00.000Z,2021-12-01T00:00:00.000Z,5.0521425522E9
SCNRN052FLW001.TOTAL_FLOW,2021-11-30T18:00:00.000Z,2021-12-01T00:00:00.000Z,5.054125343E9
SCSSN053FLW001.TOTAL_FLOW,2021-11-30T18:00:00.000Z,2021-12-01T00:00:00.000Z,8.9514502E7
SCAMA009FLW001.TOTAL_FLOW,2021-11-30T18:00:00.000Z,2021-12-01T00:00:00.000Z,7.2052705E7
SCHMN015FLW001.CUMULATIVE_TOTAL_FLOW,2021-11-30T18:00:00.000Z,2021-12-01T00:00:00.000Z,6.51586322E8
SCGDN019FLW001.CUMULATIVE_TOTAL_FLOW,2021-11-30T18:00:00.000Z,2021-12-01T00:00:00.000Z,2.774851734E9
SCVDN063FLW002.TOTAL_FLOW,2021-11-30T18:00:00.000Z,2021-12-01T00:00:00.000Z,1.7972069834E10
SCBAL004FLW003.CUMULATIVE_TOTAL_FLOW,2021-11-30T18:00:00.000Z,2021-12-01T00:00:00.000Z,1.6461989E7
SCKTC067FLW001.TOTAL_FLOW,2021-11-30T18:00:00.000Z,2021-12-01T00:00:00.000Z,1.74486521E7
SCNRN052FLW001.CUMULATIVE_TOTAL_FLOW,2021-11-30T18:00:00.000Z,2021-12-01T00:00:00.000Z,1.3170821E7
SCSUR002FLW002.TOTAL_FLOW,2021-11-30T18:00:00.000Z,2021-12-01T00:00:00.000Z,1.17205048E8
